,Hydration Waters
0,239
1,231
2,253
3,254
4,246
5,249
6,258
7,250
8,247
9,256
10,250
11,256
12,243
13,253
14,237
15,245
16,248
17,245
18,252
19,249
20,244
21,239
22,243
23,248
24,241
25,242
26,246
27,248
28,246
29,244
30,246
31,247
32,254
33,253
34,246
35,246
36,253
37,241
38,252
39,246
40,239
41,237
42,236
43,250
44,246
45,244
46,247
47,241
48,242
49,249
50,251
51,246
52,241
53,239
54,238
55,228
56,245
57,250
58,243
59,248
60,257
61,256
62,254
63,242
64,252
65,243
66,233
67,248
68,245
69,249
70,252
71,257
72,250
73,251
74,258
75,259
76,251
77,251
78,247
79,253
80,250
81,255
82,249
83,257
84,257
85,260
86,247
87,253
88,248
89,252
90,254
91,258
92,257
93,252
94,240
95,259
96,259
97,254
98,251
99,266
100,255
101,248
102,250
103,242
104,243
105,252
106,240
107,244
108,244
109,241
110,242
111,247
112,239
113,242
114,244
115,234
116,236
117,231
118,240
119,235
120,235
121,236
122,238
123,251
124,242
125,246
126,246
127,252
128,245
129,247
130,240
131,243
132,245
133,245
134,256
135,245
136,242
137,232
138,249
139,252
140,252
141,248
142,247
143,239
144,240
145,237
146,235
147,245
148,238
149,236
150,226
151,230
152,236
153,235
154,247
155,243
156,246
157,235
158,236
159,233
160,235
161,240
162,248
163,249
164,249
165,238
166,245
167,238
168,246
169,228
170,244
171,244
172,243
173,240
174,250
175,239
176,242
177,235
178,243
179,246
180,255
181,259
182,248
183,253
184,245
185,260
186,251
187,249
188,249
189,242
190,250
191,249
192,244
193,246
194,232
195,241
196,242
197,242
198,238
199,241
200,237
201,242
202,233
203,243
204,248
205,252
206,246
207,239
208,241
209,242
210,243
211,240
212,236
213,252
214,235
215,242
216,244
217,247
218,239
219,243
220,251
221,240
222,238
223,238
224,237
225,242
226,243
227,242
228,244
229,232
230,238
231,236
232,227
233,236
234,238
235,233
236,232
237,238
238,238
239,236
240,233
241,244
242,248
243,240
244,238
245,240
246,237
247,239
248,241
249,241
250,245
251,237
252,231
253,229
254,234
255,236
256,236
257,244
258,253
259,241
260,249
261,234
262,250
263,246
264,243
265,236
266,237
267,242
268,234
269,233
270,246
271,241
272,245
273,241
274,245
275,242
276,253
277,241
278,242
279,252
280,245
281,246
282,250
283,254
284,252
285,251
286,246
287,254
288,255
289,237
290,243
291,248
292,242
293,250
294,259
295,245
296,250
297,257
298,251
299,252
300,249
301,247
302,256
303,252
304,255
305,247
306,243
307,246
308,253
309,255
310,252
311,242
312,252
313,249
314,248
315,246
316,244
317,251
318,241
319,248
320,240
321,245
322,238
323,249
324,241
325,242
326,246
327,255
328,248
329,257
330,263
331,256
332,255
333,250
334,248
335,238
336,246
337,241
338,253
339,257
340,255
341,254
342,255
343,250
344,247
345,245
346,243
347,254
348,245
349,246
350,252
351,245
352,245
353,250
354,255
355,246
356,243
357,247
358,245
359,246
360,257
361,254
362,247
363,256
364,251
365,254
366,254
367,248
368,251
369,248
370,249
371,248
372,250
373,247
374,249
375,252
376,249
377,257
378,257
379,257
380,251
381,254
382,246
383,263
384,256
385,249
386,236
387,239
388,257
389,254
390,256
391,258
392,257
393,252
394,239
395,253
396,246
397,250
398,252
399,257
400,259
401,245
402,250
403,250
404,245
405,244
406,255
407,247
408,246
409,241
410,249
411,246
412,242
413,250
414,252
415,235
416,234
417,248
418,241
419,244
420,236
421,239
422,244
423,246
424,257
425,255
426,250
427,244
428,253
429,241
430,244
431,240
432,247
433,242
434,243
435,250
436,249
437,254
438,240
439,259
440,253
441,253
442,247
443,256
444,263
445,257
446,258
447,251
448,257
449,253
450,258
451,252
452,259
453,260
454,255
455,264
456,255
457,258
458,255
459,251
460,262
461,251
462,259
463,256
464,254
465,256
466,257
467,253
468,261
469,258
470,249
471,259
472,257
473,258
474,261
475,254
476,252
477,254
478,255
479,251
480,248
481,272
482,263
483,254
484,244
485,250
486,255
487,252
488,248
489,244
490,242
491,249
492,249
493,245
494,254
495,243
496,246
497,251
498,246
499,241
500,252
501,247
502,253
503,246
504,250
505,246
506,241
507,246
508,245
509,247
510,235
511,240
512,248
513,243
514,249
515,246
516,251
517,247
518,257
519,255
520,246
521,247
522,250
523,247
524,254
525,251
526,249
527,239
528,239
529,237
530,244
531,240
532,238
533,246
534,246
535,250
536,251
537,241
538,239
539,232
540,238
541,226
542,237
543,230
544,230
545,233
546,236
547,238
548,226
549,229
550,229
551,229
552,236
553,235
554,237
555,246
556,233
557,238
558,234
559,241
560,234
561,226
562,220
563,231
564,227
565,233
566,231
567,228
568,228
569,235
570,228
571,234
572,223
573,234
574,235
575,231
576,233
577,224
578,222
579,223
580,237
581,226
582,230
583,230
584,232
585,230
586,239
587,226
588,228
589,231
590,220
591,230
592,222
593,217
594,216
595,219
596,225
597,230
598,223
599,224
600,225
601,235
602,222
603,226
604,215
605,219
606,228
607,229
608,226
609,219
610,216
611,219
612,221
613,230
614,231
615,232
616,219
617,223
618,221
619,235
620,225
621,226
622,231
623,229
624,230
625,229
626,229
627,221
628,218
629,226
630,221
631,221
632,227
633,231
634,225
635,230
636,227
637,242
638,236
639,234
640,230
641,242
642,226
643,232
644,212
645,234
646,222
647,228
648,234
649,236
650,235
651,224
652,233
653,225
654,236
655,222
656,226
657,229
658,234
659,226
660,231
661,223
662,225
663,223
664,225
665,221
666,224
667,218
668,216
669,221
670,219
671,221
672,223
673,222
674,226
675,218
676,227
677,223
678,223
679,222
680,227
681,223
682,226
683,224
684,227
685,218
686,227
687,219
688,218
689,218
690,221
691,224
692,214
693,219
694,211
695,213
696,219
697,212
698,208
699,205
700,205
701,215
702,203
703,215
704,205
705,207
706,216
707,211
708,217
709,210
710,217
711,213
712,214
713,226
714,222
715,216
716,208
717,210
718,209
719,214
720,218
721,202
722,211
723,208
724,216
725,214
726,212
727,221
728,224
729,224
730,222
731,233
732,223
733,225
734,222
735,217
736,215
737,219
738,228
739,230
740,216
741,220
742,219
743,213
744,220
745,229
746,226
747,219
748,224
749,222
750,218
751,218
752,217
753,212
754,226
755,221
756,216
757,214
758,222
759,226
760,224
761,218
762,229
763,217
764,213
765,231
766,223
767,221
768,226
769,210
770,219
771,223
772,214
773,223
774,215
775,223
776,216
777,223
778,220
779,226
780,227
781,214
782,223
783,222
784,216
785,217
786,216
787,211
788,220
789,206
790,214
791,224
792,211
793,217
794,225
795,219
796,219
797,227
798,221
799,227
800,226
801,217
802,223
803,223
804,220
805,222
806,220
807,215
808,218
809,227
810,231
811,230
812,227
813,225
814,225
815,233
816,234
817,236
818,226
819,230
820,216
821,227
822,228
823,219
824,230
825,229
826,218
827,216
828,214
829,213
830,221
831,212
832,223
833,221
834,227
835,211
836,224
837,227
838,238
839,233
840,228
841,228
842,237
843,223
844,231
845,236
846,229
847,232
848,231
849,225
850,225
851,226
852,223
853,223
854,223
855,216
856,234
857,227
858,238
859,241
860,236
861,221
862,230
863,230
864,229
865,235
866,221
867,232
868,223
869,217
870,210
871,221
872,225
873,227
874,227
875,216
876,231
877,222
878,231
879,226
880,238
881,235
882,220
883,231
884,229
885,233
886,219
887,229
888,233
889,228
890,228
891,225
892,227
893,228
894,234
895,236
896,223
897,219
898,231
899,236
900,238
901,230
902,238
903,237
904,222
905,236
906,236
907,241
908,232
909,233
910,225
911,230
912,225
913,238
914,242
915,229
916,247
917,238
918,233
919,235
920,240
921,235
922,233
923,243
924,239
925,233
926,240
927,238
928,235
929,227
930,230
931,232
932,231
933,230
934,230
935,232
936,241
937,241
938,237
939,240
940,233
941,244
942,242
943,239
944,242
945,239
946,240
947,231
948,238
949,225
950,228
951,240
952,237
953,235
954,236
955,232
956,231
957,239
958,239
959,237
960,235
961,223
962,234
963,236
964,233
965,229
966,222
967,236
968,234
969,233
970,230
971,224
972,227
973,231
974,224
975,224
976,222
977,223
978,224
979,237
980,235
981,234
982,224
983,226
984,228
985,239
986,234
987,234
988,234
989,240
990,232
991,232
992,231
993,233
994,232
995,228
996,229
997,237
998,234
999,233
